,mean,sd,hdi_3%,hdi_97%
alpha,21.2419,0.1125,21.038,21.4578
beta[0],1.902,1.0655,-0.0215,3.9979
beta[1],-1.7467,0.2882,-2.2956,-1.2182
beta[2],-0.1606,3.5906,-6.9899,6.4651
beta[3],-0.5771,0.6134,-1.7488,0.5403
beta[4],0.0578,3.6003,-6.6636,6.8375
beta[5],2.3405,1.3915,-0.3169,4.9128
beta[6],-0.4057,0.9567,-2.1473,1.4362
beta[7],-0.8008,3.5711,-7.6939,5.6616
beta[8],-2.6853,0.8265,-4.2942,-1.1599
beta[9],1.9737,0.4415,1.0951,2.7581
beta[10],-0.6667,3.5805,-7.0086,6.4352
beta[11],-1.2716,0.3222,-1.876,-0.6555
beta[12],-1.9759,0.2638,-2.4904,-1.5011
beta[13],-0.0682,0.1619,-0.3686,0.2344
beta[14],-2.0005,0.1414,-2.2757,-1.7427
beta[15],1.8784,0.2344,1.4322,2.311
sigma,7.6816,0.0776,7.5374,7.8253
